ACCURACY,AUC_MACRO,AUC_WEIGHTED,F1_MACRO,F1_WEIGHTED
0.9963898916967509,0.9999349291718181,0.9999349291718181,0.995807377766426,0.9963842499153435
