ACCURACY,AUC_MACRO,AUC_WEIGHTED,F1_MACRO,F1_WEIGHTED
0.9980821299638989,0.9999707345159533,0.9999707345159533,0.9977780744840782,0.998080553585992
