ACCURACY,AUC_MACRO,AUC_WEIGHTED,F1_MACRO,F1_WEIGHTED
0.9576808667953303,0.9872137165411642,0.9872137165411642,0.9504833234016115,0.9575130814433731
0.00658627036281955,0.0015487554525272609,0.0015487554525272609,0.007928937648257887,0.006708055017985418
