ACCURACY,AUC_MACRO,AUC_WEIGHTED,F1_MACRO,F1_WEIGHTED
0.9503751605542291,0.9979950931447614,0.9979950931447614,0.9502979095058149,0.950290698279262
0.009854239174668275,0.0007994541622875223,0.0007994541622875223,0.009893884375555898,0.00989661223840007
