ACCURACY,AUC_MACRO,AUC_WEIGHTED,F1_MACRO,F1_WEIGHTED
0.9658860716003573,0.9576260055203939,0.9576260055203939,0.8751231330966063,0.9632089782947508
0.005027288876198739,0.01765157721029366,0.01765157721029366,0.031126233214832044,0.007271678788145304
