ACCURACY,AUC_MACRO,AUC_WEIGHTED,F1_MACRO,F1_WEIGHTED
0.9614473684210527,0.9958476260339066,0.9958476260339066,0.9614325612014456,0.9614353667487066
0.014191324746511226,0.002424915856263565,0.002424915856263565,0.01419604551701831,0.014197952093376695
