ACCURACY,AUC_MACRO,AUC_WEIGHTED,F1_MACRO,F1_WEIGHTED
0.9640246427831851,0.9656403702282754,0.9656403702282754,0.864520619879009,0.9600035504487934
0.0056782762786460475,0.017088664784718054,0.017088664784718054,0.027096418666232552,0.007266782071612889
