ACCURACY,AUC_MACRO,AUC_WEIGHTED,F1_MACRO,F1_WEIGHTED
0.97,0.9970264313519516,0.9970264313519516,0.9699920117238965,0.9699956193324594
