ACCURACY,AUC_MACRO,AUC_WEIGHTED,F1_MACRO,F1_WEIGHTED
0.9599271402550091,0.9695306122448981,0.9695306122448981,0.8481900452488689,0.955182465307827
