ACCURACY,AUC_MACRO,AUC_WEIGHTED,F1_MACRO,F1_WEIGHTED
0.9606888361045132,0.9899058615595114,0.9899058615595114,0.9540096252510845,0.9605610687585919
0.0042073609462989,0.002440490269402205,0.002440490269402205,0.005126792604938162,0.004318745462113082
