ACCURACY,AUC_MACRO,AUC_WEIGHTED,F1_MACRO,F1_WEIGHTED
0.9629629629629629,0.9902818137677974,0.9902818137677974,0.9567173161300113,0.9628692782604688
