ACCURACY,AUC_MACRO,AUC_WEIGHTED,F1_MACRO,F1_WEIGHTED
0.9715,0.9962345291319226,0.9962345291319226,0.97149828811593,0.9714984537821303
