ACCURACY,AUC_MACRO,AUC_WEIGHTED,F1_MACRO,F1_WEIGHTED
0.973,0.9959394634551709,0.9959394634551709,0.9729993249831245,0.9729989199729991
