ACCURACY,AUC_MACRO,AUC_WEIGHTED,F1_MACRO,F1_WEIGHTED
0.9479055892960087,0.9870524052364772,0.9870524052364772,0.939492756513921,0.94780594429842
0.00500003421738535,0.002503081283806409,0.002503081283806409,0.006315790224222254,0.005237823507357246
