ACCURACY,AUC_MACRO,AUC_WEIGHTED,F1_MACRO,F1_WEIGHTED
0.9631606778428667,0.9957503166755824,0.9957503166755824,0.9631268776453302,0.9631391102187095
0.0048630869020939585,0.000921096052674351,0.000921096052674351,0.0048557340263336805,0.004856647853531219
