ACCURACY,AUC_MACRO,AUC_WEIGHTED,F1_MACRO,F1_WEIGHTED
0.9663521765337946,0.9591808575176735,0.9591808575176735,0.8851313516279484,0.9645245855204057
0.0027576852747903022,0.021084553276923556,0.021084553276923556,0.015051327123653334,0.003689743253846427
