ACCURACY,AUC_MACRO,AUC_WEIGHTED,F1_MACRO,F1_WEIGHTED
0.9740484429065744,0.9997641509433962,0.9997641509433962,0.9004306632213609,0.9718265783285498
