ACCURACY,AUC_MACRO,AUC_WEIGHTED,F1_MACRO,F1_WEIGHTED
0.976643598615917,0.9994676796088431,0.9994676796088431,0.9229544495212424,0.9751414151697447
