ACCURACY,AUC_MACRO,AUC_WEIGHTED,F1_MACRO,F1_WEIGHTED
0.9476810009785078,0.9882116013748101,0.9882116013748101,0.9391892171657956,0.9477191260137208
0.004737522114474027,0.0014389477305139032,0.0014389477305139032,0.005443998998631073,0.004713129776998685
